Time (s),Altitude (m)
12.512500000000001,2102.0408163265306
12.59375,2102.0408163265306
12.43125,2097.1428571428573
12.512500000000001,2097.1428571428573
12.59375,2097.1428571428573
12.675,2097.1428571428573
11.862499999999999,2092.2448979591836
11.94375,2092.2448979591836
12.025,2092.2448979591836
12.10625,2092.2448979591836
12.1875,2092.2448979591836
12.26875,2092.2448979591836
12.35,2092.2448979591836
12.43125,2092.2448979591836
12.512500000000001,2092.2448979591836
12.59375,2092.2448979591836
12.675,2092.2448979591836
12.75625,2092.2448979591836
12.8375,2092.2448979591836
12.918750000000001,2092.2448979591836
13.0,2092.2448979591836
13.08125,2092.2448979591836
13.162500000000001,2092.2448979591836
13.243749999999999,2092.2448979591836
14.7875,2092.2448979591836
14.86875,2092.2448979591836
11.78125,2087.3469387755104
11.862499999999999,2087.3469387755104
12.025,2087.3469387755104
12.10625,2087.3469387755104
12.1875,2087.3469387755104
12.26875,2087.3469387755104
12.35,2087.3469387755104
12.43125,2087.3469387755104
12.512500000000001,2087.3469387755104
12.59375,2087.3469387755104
12.675,2087.3469387755104
12.75625,2087.3469387755104
12.918750000000001,2087.3469387755104
13.0,2087.3469387755104
13.08125,2087.3469387755104
13.162500000000001,2087.3469387755104
13.243749999999999,2087.3469387755104
13.325,2087.3469387755104
13.40625,2087.3469387755104
14.7875,2087.3469387755104
14.86875,2087.3469387755104
11.456249999999999,2082.4489795918366
11.5375,2082.4489795918366
11.61875,2082.4489795918366
11.7,2082.4489795918366
11.78125,2082.4489795918366
12.26875,2082.4489795918366
12.35,2082.4489795918366
12.43125,2082.4489795918366
13.325,2082.4489795918366
13.40625,2082.4489795918366
13.487499999999999,2082.4489795918366
13.56875,2082.4489795918366
13.65,2082.4489795918366
13.73125,2082.4489795918366
13.8125,2082.4489795918366
13.893749999999999,2082.4489795918366
13.975,2082.4489795918366
14.05625,2082.4489795918366
14.7875,2082.4489795918366
14.86875,2082.4489795918366
14.950000000000001,2082.4489795918366
11.29375,2077.5510204081634
11.375,2077.5510204081634
11.456249999999999,2077.5510204081634
11.5375,2077.5510204081634
13.73125,2077.5510204081634
11.29375,2072.6530612244896
11.375,2072.6530612244896
12.43125,2067.7551020408164
14.21875,2067.7551020408164
14.3,2067.7551020408164
14.7875,2067.7551020408164
14.86875,2067.7551020408164
14.950000000000001,2067.7551020408164
14.543750000000001,2053.061224489796
14.625,2053.061224489796
14.70625,2053.061224489796
15.03125,2053.061224489796
15.1125,2053.061224489796
15.193750000000001,2053.061224489796
10.725,2048.1632653061224
10.80625,2048.1632653061224
14.543750000000001,2048.1632653061224
14.625,2048.1632653061224
15.03125,2048.1632653061224
15.1125,2048.1632653061224
15.193750000000001,2048.1632653061224
10.5625,2043.265306122449
10.64375,2043.265306122449
10.725,2043.265306122449
15.1125,2043.265306122449
15.193750000000001,2043.265306122449
10.5625,2038.3673469387754
10.64375,2038.3673469387754
15.1125,2038.3673469387754
15.193750000000001,2038.3673469387754
10.481250000000001,2033.4693877551022
10.5625,2033.4693877551022
15.1125,2033.4693877551022
15.193750000000001,2033.4693877551022
10.2375,2028.5714285714287
10.31875,2028.5714285714287
10.4,2028.5714285714287
10.481250000000001,2028.5714285714287
10.5625,2028.5714285714287
15.1125,2028.5714285714287
15.193750000000001,2028.5714285714287
15.274999999999999,2028.5714285714287
10.2375,2023.6734693877552
10.31875,2023.6734693877552
10.4,2023.6734693877552
15.193750000000001,2023.6734693877552
15.274999999999999,2023.6734693877552
10.2375,2018.7755102040817
10.31875,2018.7755102040817
15.193750000000001,2018.7755102040817
15.274999999999999,2018.7755102040817
10.15625,2013.8775510204082
10.2375,2013.8775510204082
15.193750000000001,2013.8775510204082
15.274999999999999,2013.8775510204082
10.075,2008.9795918367347
10.15625,2008.9795918367347
10.2375,2008.9795918367347
15.193750000000001,2008.9795918367347
15.274999999999999,2008.9795918367347
9.99375,2004.0816326530612
10.075,2004.0816326530612
10.15625,2004.0816326530612
10.2375,2004.0816326530612
15.193750000000001,2004.0816326530612
15.274999999999999,2004.0816326530612
9.9125,1999.1836734693877
9.99375,1999.1836734693877
10.075,1999.1836734693877
10.15625,1999.1836734693877
15.193750000000001,1999.1836734693877
15.274999999999999,1999.1836734693877
9.9125,1994.2857142857142
9.99375,1994.2857142857142
15.274999999999999,1994.2857142857142
15.35625,1994.2857142857142
15.4375,1994.2857142857142
15.518749999999999,1994.2857142857142
9.831249999999999,1989.3877551020407
9.9125,1989.3877551020407
9.99375,1989.3877551020407
15.35625,1989.3877551020407
15.4375,1989.3877551020407
15.518749999999999,1989.3877551020407
9.831249999999999,1984.4897959183672
9.9125,1984.4897959183672
15.4375,1984.4897959183672
15.518749999999999,1984.4897959183672
15.6,1984.4897959183672
9.66875,1979.591836734694
9.75,1979.591836734694
9.831249999999999,1979.591836734694
9.9125,1979.591836734694
15.4375,1979.591836734694
15.518749999999999,1979.591836734694
15.6,1979.591836734694
15.68125,1979.591836734694
9.5875,1974.6938775510205
9.66875,1974.6938775510205
9.75,1974.6938775510205
9.831249999999999,1974.6938775510205
15.518749999999999,1974.6938775510205
15.6,1974.6938775510205
15.68125,1974.6938775510205
9.5875,1969.795918367347
9.66875,1969.795918367347
9.75,1969.795918367347
15.6,1969.795918367347
15.68125,1969.795918367347
15.7625,1969.795918367347
15.84375,1969.795918367347
9.5875,1964.8979591836735
9.66875,1964.8979591836735
15.68125,1964.8979591836735
15.84375,1964.8979591836735
15.924999999999999,1964.8979591836735
9.5875,1960.0
9.66875,1960.0
15.84375,1960.0
15.924999999999999,1960.0
16.00625,1960.0
9.424999999999999,1955.1020408163265
9.50625,1955.1020408163265
9.5875,1955.1020408163265
15.924999999999999,1955.1020408163265
16.00625,1955.1020408163265
9.424999999999999,1950.204081632653
9.50625,1950.204081632653
15.924999999999999,1950.204081632653
16.00625,1950.204081632653
9.424999999999999,1945.3061224489795
9.50625,1945.3061224489795
15.924999999999999,1945.3061224489795
16.00625,1945.3061224489795
16.0875,1945.3061224489795
16.16875,1945.3061224489795
9.34375,1940.408163265306
9.424999999999999,1940.408163265306
9.50625,1940.408163265306
15.924999999999999,1940.408163265306
16.00625,1940.408163265306
16.0875,1940.408163265306
16.16875,1940.408163265306
16.25,1940.408163265306
9.2625,1935.5102040816328
9.34375,1935.5102040816328
9.424999999999999,1935.5102040816328
16.00625,1935.5102040816328
16.0875,1935.5102040816328
16.16875,1935.5102040816328
16.25,1935.5102040816328
9.2625,1930.612244897959
9.34375,1930.612244897959
16.00625,1930.612244897959
16.0875,1930.612244897959
16.25,1930.612244897959
16.331249999999997,1930.612244897959
9.181249999999999,1925.7142857142858
9.2625,1925.7142857142858
9.34375,1925.7142857142858
16.25,1925.7142857142858
16.331249999999997,1925.7142857142858
9.100000000000001,1920.8163265306123
9.181249999999999,1920.8163265306123
16.25,1920.8163265306123
16.331249999999997,1920.8163265306123
9.100000000000001,1915.9183673469388
9.181249999999999,1915.9183673469388
16.331249999999997,1915.9183673469388
16.4125,1915.9183673469388
9.01875,1911.0204081632653
9.100000000000001,1911.0204081632653
9.181249999999999,1911.0204081632653
16.331249999999997,1911.0204081632653
16.4125,1911.0204081632653
8.9375,1906.1224489795918
9.01875,1906.1224489795918
9.100000000000001,1906.1224489795918
16.331249999999997,1906.1224489795918
16.4125,1906.1224489795918
16.49375,1906.1224489795918
8.9375,1901.2244897959183
9.01875,1901.2244897959183
9.100000000000001,1901.2244897959183
16.4125,1901.2244897959183
16.49375,1901.2244897959183
8.9375,1896.3265306122448
9.01875,1896.3265306122448
16.4125,1896.3265306122448
16.49375,1896.3265306122448
16.65625,1896.3265306122448
16.7375,1896.3265306122448
8.9375,1891.4285714285716
9.01875,1891.4285714285716
16.49375,1891.4285714285716
16.575,1891.4285714285716
16.65625,1891.4285714285716
16.7375,1891.4285714285716
8.856250000000001,1886.5306122448978
8.9375,1886.5306122448978
9.01875,1886.5306122448978
16.575,1886.5306122448978
16.65625,1886.5306122448978
16.7375,1886.5306122448978
16.818749999999998,1886.5306122448978
8.775,1881.6326530612246
8.856250000000001,1881.6326530612246
8.9375,1881.6326530612246
16.7375,1881.6326530612246
16.818749999999998,1881.6326530612246
16.98125,1881.6326530612246
17.0625,1881.6326530612246
8.775,1876.734693877551
8.856250000000001,1876.734693877551
16.7375,1876.734693877551
16.818749999999998,1876.734693877551
16.900000000000002,1876.734693877551
16.98125,1876.734693877551
17.0625,1876.734693877551
17.14375,1876.734693877551
17.30625,1876.734693877551
17.3875,1876.734693877551
8.69375,1871.8367346938776
8.775,1871.8367346938776
16.818749999999998,1871.8367346938776
16.900000000000002,1871.8367346938776
16.98125,1871.8367346938776
17.0625,1871.8367346938776
17.14375,1871.8367346938776
17.3875,1871.8367346938776
17.46875,1871.8367346938776
8.69375,1866.938775510204
8.775,1866.938775510204
17.0625,1866.938775510204
17.14375,1866.938775510204
17.225,1866.938775510204
17.30625,1866.938775510204
17.3875,1866.938775510204
8.6125,1862.0408163265306
8.69375,1862.0408163265306
8.775,1862.0408163265306
17.0625,1862.0408163265306
17.14375,1862.0408163265306
17.225,1862.0408163265306
17.30625,1862.0408163265306
17.3875,1862.0408163265306
17.46875,1862.0408163265306
8.53125,1857.142857142857
8.6125,1857.142857142857
8.69375,1857.142857142857
17.14375,1857.142857142857
17.225,1857.142857142857
17.30625,1857.142857142857
17.3875,1857.142857142857
17.46875,1857.142857142857
8.53125,1852.2448979591836
8.6125,1852.2448979591836
8.69375,1852.2448979591836
17.14375,1852.2448979591836
17.225,1852.2448979591836
17.30625,1852.2448979591836
17.3875,1852.2448979591836
17.46875,1852.2448979591836
8.53125,1847.3469387755101
8.6125,1847.3469387755101
17.3875,1847.3469387755101
17.46875,1847.3469387755101
17.55,1847.3469387755101
8.53125,1842.4489795918366
8.6125,1842.4489795918366
17.46875,1842.4489795918366
17.55,1842.4489795918366
8.450000000000001,1837.5510204081634
8.53125,1837.5510204081634
8.6125,1837.5510204081634
17.46875,1837.5510204081634
17.55,1837.5510204081634
8.36875,1832.6530612244896
8.450000000000001,1832.6530612244896
8.53125,1832.6530612244896
17.46875,1832.6530612244896
17.55,1832.6530612244896
8.36875,1827.7551020408164
8.450000000000001,1827.7551020408164
17.46875,1827.7551020408164
17.55,1827.7551020408164
8.2875,1822.857142857143
8.36875,1822.857142857143
17.46875,1822.857142857143
17.55,1822.857142857143
17.631249999999998,1822.857142857143
17.712500000000002,1822.857142857143
8.2875,1817.9591836734694
8.36875,1817.9591836734694
17.46875,1817.9591836734694
17.55,1817.9591836734694
17.631249999999998,1817.9591836734694
17.712500000000002,1817.9591836734694
17.79375,1817.9591836734694
8.20625,1813.061224489796
8.2875,1813.061224489796
8.36875,1813.061224489796
17.55,1813.061224489796
17.631249999999998,1813.061224489796
17.712500000000002,1813.061224489796
17.79375,1813.061224489796
17.875,1813.061224489796
8.20625,1808.1632653061224
8.2875,1808.1632653061224
17.55,1808.1632653061224
17.631249999999998,1808.1632653061224
17.712500000000002,1808.1632653061224
17.79375,1808.1632653061224
8.20625,1803.265306122449
8.2875,1803.265306122449
17.712500000000002,1803.265306122449
17.79375,1803.265306122449
17.875,1803.265306122449
8.125,1798.3673469387754
8.20625,1798.3673469387754
17.712500000000002,1798.3673469387754
17.79375,1798.3673469387754
17.875,1798.3673469387754
8.125,1793.4693877551022
8.20625,1793.4693877551022
17.79375,1793.4693877551022
17.875,1793.4693877551022
17.95625,1793.4693877551022
8.125,1788.5714285714284
8.20625,1788.5714285714284
17.875,1788.5714285714284
17.95625,1788.5714285714284
8.04375,1783.6734693877552
8.125,1783.6734693877552
8.20625,1783.6734693877552
17.875,1783.6734693877552
17.95625,1783.6734693877552
7.9624999999999995,1778.7755102040817
8.04375,1778.7755102040817
8.125,1778.7755102040817
17.875,1778.7755102040817
17.95625,1778.7755102040817
7.9624999999999995,1773.8775510204082
8.04375,1773.8775510204082
17.875,1773.8775510204082
17.95625,1773.8775510204082
7.88125,1768.9795918367347
7.9624999999999995,1768.9795918367347
8.04375,1768.9795918367347
17.875,1768.9795918367347
17.95625,1768.9795918367347
7.88125,1764.0816326530612
7.9624999999999995,1764.0816326530612
17.875,1764.0816326530612
17.95625,1764.0816326530612
7.88125,1759.1836734693877
7.9624999999999995,1759.1836734693877
17.95625,1759.1836734693877
18.0375,1759.1836734693877
7.88125,1754.2857142857142
7.9624999999999995,1754.2857142857142
17.95625,1754.2857142857142
18.0375,1754.2857142857142
7.8,1749.3877551020407
7.88125,1749.3877551020407
18.0375,1749.3877551020407
18.11875,1749.3877551020407
7.8,1744.4897959183672
7.88125,1744.4897959183672
18.0375,1744.4897959183672
18.11875,1744.4897959183672
7.71875,1739.591836734694
7.8,1739.591836734694
7.88125,1739.591836734694
18.0375,1739.591836734694
18.11875,1739.591836734694
18.200000000000003,1739.591836734694
7.71875,1734.6938775510205
7.8,1734.6938775510205
18.11875,1734.6938775510205
18.200000000000003,1734.6938775510205
18.28125,1734.6938775510205
18.60625,1734.6938775510205
7.71875,1729.795918367347
7.8,1729.795918367347
18.11875,1729.795918367347
18.200000000000003,1729.795918367347
18.60625,1729.795918367347
7.637499999999999,1724.8979591836735
7.71875,1724.8979591836735
18.11875,1724.8979591836735
18.200000000000003,1724.8979591836735
18.525,1724.8979591836735
18.60625,1724.8979591836735
7.55625,1720.0
7.637499999999999,1720.0
7.71875,1720.0
18.200000000000003,1720.0
18.28125,1720.0
18.362499999999997,1720.0
18.44375,1720.0
18.525,1720.0
18.60625,1720.0
18.6875,1720.0
7.55625,1715.1020408163265
7.637499999999999,1715.1020408163265
7.71875,1715.1020408163265
18.28125,1715.1020408163265
18.362499999999997,1715.1020408163265
18.44375,1715.1020408163265
18.525,1715.1020408163265
18.60625,1715.1020408163265
7.55625,1710.204081632653
7.637499999999999,1710.204081632653
18.28125,1710.204081632653
18.362499999999997,1710.204081632653
18.44375,1710.204081632653
18.525,1710.204081632653
18.60625,1710.204081632653
18.6875,1710.204081632653
7.4750000000000005,1705.3061224489795
7.55625,1705.3061224489795
18.28125,1705.3061224489795
18.362499999999997,1705.3061224489795
18.44375,1705.3061224489795
18.6875,1705.3061224489795
18.76875,1705.3061224489795
7.4750000000000005,1700.408163265306
7.55625,1700.408163265306
18.362499999999997,1700.408163265306
18.44375,1700.408163265306
18.6875,1700.408163265306
7.4750000000000005,1695.5102040816328
7.55625,1695.5102040816328
18.362499999999997,1695.5102040816328
18.6875,1695.5102040816328
18.76875,1695.5102040816328
7.39375,1690.6122448979593
7.4750000000000005,1690.6122448979593
7.55625,1690.6122448979593
18.6875,1690.6122448979593
18.76875,1690.6122448979593
18.849999999999998,1690.6122448979593
7.39375,1685.7142857142858
7.4750000000000005,1685.7142857142858
18.6875,1685.7142857142858
18.76875,1685.7142857142858
18.849999999999998,1685.7142857142858
7.39375,1680.816326530612
7.4750000000000005,1680.816326530612
18.76875,1680.816326530612
18.849999999999998,1680.816326530612
7.39375,1675.9183673469388
7.4750000000000005,1675.9183673469388
18.849999999999998,1675.9183673469388
18.931250000000002,1675.9183673469388
7.39375,1671.0204081632653
7.4750000000000005,1671.0204081632653
18.849999999999998,1671.0204081632653
18.931250000000002,1671.0204081632653
7.3125,1666.1224489795918
7.39375,1666.1224489795918
7.4750000000000005,1666.1224489795918
18.849999999999998,1666.1224489795918
18.931250000000002,1666.1224489795918
7.3125,1661.2244897959183
7.39375,1661.2244897959183
18.849999999999998,1661.2244897959183
18.931250000000002,1661.2244897959183
19.0125,1661.2244897959183
7.23125,1656.3265306122448
7.3125,1656.3265306122448
7.39375,1656.3265306122448
18.849999999999998,1656.3265306122448
18.931250000000002,1656.3265306122448
19.0125,1656.3265306122448
7.15,1651.4285714285716
7.23125,1651.4285714285716
18.931250000000002,1651.4285714285716
19.0125,1651.4285714285716
7.15,1646.5306122448978
7.23125,1646.5306122448978
19.0125,1646.5306122448978
19.09375,1646.5306122448978
19.175,1646.5306122448978
7.15,1641.6326530612246
7.23125,1641.6326530612246
7.3125,1641.6326530612246
19.09375,1641.6326530612246
19.175,1641.6326530612246
7.06875,1636.7346938775509
7.15,1636.7346938775509
7.23125,1636.7346938775509
19.09375,1636.7346938775509
19.175,1636.7346938775509
19.25625,1636.7346938775509
19.3375,1636.7346938775509
7.06875,1631.8367346938776
7.15,1631.8367346938776
19.09375,1631.8367346938776
19.175,1631.8367346938776
19.25625,1631.8367346938776
19.3375,1631.8367346938776
7.06875,1626.938775510204
7.15,1626.938775510204
19.25625,1626.938775510204
19.3375,1626.938775510204
7.15,1622.0408163265306
19.3375,1622.0408163265306
19.41875,1622.0408163265306
7.15,1617.142857142857
19.3375,1617.142857142857
19.41875,1617.142857142857
19.5,1617.142857142857
19.3375,1612.2448979591836
19.41875,1612.2448979591836
19.3375,1607.3469387755104
19.41875,1607.3469387755104
19.5,1607.3469387755104
19.3375,1602.4489795918366
19.41875,1602.4489795918366
6.90625,1597.5510204081634
6.9875,1597.5510204081634
19.41875,1597.5510204081634
19.5,1597.5510204081634
19.58125,1597.5510204081634
6.90625,1592.6530612244899
6.9875,1592.6530612244899
19.5,1592.6530612244899
19.58125,1592.6530612244899
6.90625,1587.7551020408164
6.9875,1587.7551020408164
19.5,1587.7551020408164
19.58125,1587.7551020408164
6.90625,1582.857142857143
6.9875,1582.857142857143
19.58125,1582.857142857143
19.662499999999998,1582.857142857143
19.743750000000002,1582.857142857143
6.7437499999999995,1577.9591836734694
6.825,1577.9591836734694
6.90625,1577.9591836734694
19.662499999999998,1577.9591836734694
19.743750000000002,1577.9591836734694
6.7437499999999995,1573.061224489796
6.825,1573.061224489796
6.90625,1573.061224489796
19.662499999999998,1573.061224489796
19.743750000000002,1573.061224489796
6.7437499999999995,1568.1632653061224
6.825,1568.1632653061224
19.662499999999998,1568.1632653061224
19.743750000000002,1568.1632653061224
19.825,1568.1632653061224
6.7437499999999995,1563.265306122449
6.825,1563.265306122449
19.743750000000002,1563.265306122449
19.825,1563.265306122449
6.6625,1558.3673469387754
6.7437499999999995,1558.3673469387754
19.743750000000002,1558.3673469387754
19.825,1558.3673469387754
6.6625,1553.4693877551022
6.7437499999999995,1553.4693877551022
19.743750000000002,1553.4693877551022
19.825,1553.4693877551022
6.6625,1548.5714285714287
6.7437499999999995,1548.5714285714287
19.743750000000002,1548.5714285714287
19.825,1548.5714285714287
6.581250000000001,1543.6734693877552
6.6625,1543.6734693877552
6.7437499999999995,1543.6734693877552
19.825,1543.6734693877552
19.90625,1543.6734693877552
6.581250000000001,1538.7755102040817
6.6625,1538.7755102040817
19.90625,1538.7755102040817
19.9875,1538.7755102040817
20.06875,1538.7755102040817
6.581250000000001,1533.8775510204082
6.6625,1533.8775510204082
19.90625,1533.8775510204082
19.9875,1533.8775510204082
20.06875,1533.8775510204082
6.581250000000001,1528.9795918367347
6.6625,1528.9795918367347
19.9875,1528.9795918367347
20.06875,1528.9795918367347
20.15,1528.9795918367347
6.5,1524.0816326530612
6.581250000000001,1524.0816326530612
20.06875,1524.0816326530612
20.15,1524.0816326530612
20.231250000000003,1524.0816326530612
6.5,1519.1836734693877
6.581250000000001,1519.1836734693877
20.15,1519.1836734693877
20.231250000000003,1519.1836734693877
6.5,1514.2857142857142
6.581250000000001,1514.2857142857142
20.15,1514.2857142857142
20.231250000000003,1514.2857142857142
20.3125,1514.2857142857142
6.5,1509.387755102041
6.581250000000001,1509.387755102041
20.15,1509.387755102041
20.231250000000003,1509.387755102041
20.3125,1509.387755102041
6.5,1504.4897959183672
6.581250000000001,1504.4897959183672
20.15,1504.4897959183672
20.231250000000003,1504.4897959183672
20.3125,1504.4897959183672
6.41875,1499.591836734694
6.5,1499.591836734694
20.231250000000003,1499.591836734694
20.3125,1499.591836734694
20.393749999999997,1499.591836734694
6.3375,1494.6938775510203
6.41875,1494.6938775510203
20.3125,1494.6938775510203
20.393749999999997,1494.6938775510203
6.3375,1489.795918367347
6.41875,1489.795918367347
20.3125,1489.795918367347
20.393749999999997,1489.795918367347
6.3375,1484.8979591836733
6.41875,1484.8979591836733
20.3125,1484.8979591836733
20.393749999999997,1484.8979591836733
6.2562500000000005,1480.0
6.3375,1480.0
20.393749999999997,1480.0
20.475,1480.0
6.2562500000000005,1475.1020408163265
6.3375,1475.1020408163265
20.393749999999997,1475.1020408163265
20.475,1475.1020408163265
6.2562500000000005,1470.204081632653
6.3375,1470.204081632653
20.393749999999997,1470.204081632653
20.475,1470.204081632653
6.175,1465.3061224489795
6.2562500000000005,1465.3061224489795
6.3375,1465.3061224489795
20.393749999999997,1465.3061224489795
20.475,1465.3061224489795
6.175,1460.408163265306
6.2562500000000005,1460.408163265306
20.393749999999997,1460.408163265306
20.475,1460.408163265306
6.175,1455.5102040816328
6.2562500000000005,1455.5102040816328
20.393749999999997,1455.5102040816328
20.475,1455.5102040816328
6.175,1450.612244897959
6.2562500000000005,1450.612244897959
20.393749999999997,1450.612244897959
20.475,1450.612244897959
20.55625,1450.612244897959
6.175,1445.7142857142858
6.2562500000000005,1445.7142857142858
20.475,1445.7142857142858
20.55625,1445.7142857142858
6.09375,1440.816326530612
6.175,1440.816326530612
20.475,1440.816326530612
20.55625,1440.816326530612
20.6375,1440.816326530612
21.04375,1440.816326530612
6.09375,1435.9183673469388
6.175,1435.9183673469388
20.55625,1435.9183673469388
20.6375,1435.9183673469388
20.962500000000002,1435.9183673469388
21.04375,1435.9183673469388
21.125,1435.9183673469388
6.09375,1431.0204081632653
6.175,1431.0204081632653
20.55625,1431.0204081632653
20.6375,1431.0204081632653
20.71875,1431.0204081632653
20.962500000000002,1431.0204081632653
21.04375,1431.0204081632653
21.125,1431.0204081632653
21.20625,1431.0204081632653
6.09375,1426.1224489795918
20.55625,1426.1224489795918
20.6375,1426.1224489795918
20.962500000000002,1426.1224489795918
21.04375,1426.1224489795918
21.125,1426.1224489795918
21.20625,1426.1224489795918
6.0125,1421.2244897959183
6.09375,1421.2244897959183
20.6375,1421.2244897959183
20.71875,1421.2244897959183
20.881249999999998,1421.2244897959183
20.962500000000002,1421.2244897959183
21.04375,1421.2244897959183
21.125,1421.2244897959183
21.20625,1421.2244897959183
21.36875,1421.2244897959183
21.45,1421.2244897959183
5.9312499999999995,1416.3265306122448
6.0125,1416.3265306122448
20.71875,1416.3265306122448
20.8,1416.3265306122448
20.881249999999998,1416.3265306122448
20.962500000000002,1416.3265306122448
21.04375,1416.3265306122448
21.125,1416.3265306122448
21.20625,1416.3265306122448
21.36875,1416.3265306122448
21.45,1416.3265306122448
5.9312499999999995,1411.4285714285716
6.0125,1411.4285714285716
6.09375,1411.4285714285716
20.71875,1411.4285714285716
20.8,1411.4285714285716
20.881249999999998,1411.4285714285716
20.962500000000002,1411.4285714285716
21.125,1411.4285714285716
21.20625,1411.4285714285716
21.36875,1411.4285714285716
5.9312499999999995,1406.5306122448978
6.0125,1406.5306122448978
6.09375,1406.5306122448978
20.71875,1406.5306122448978
20.8,1406.5306122448978
20.881249999999998,1406.5306122448978
20.962500000000002,1406.5306122448978
21.04375,1406.5306122448978
21.125,1406.5306122448978
21.20625,1406.5306122448978
21.2875,1406.5306122448978
21.36875,1406.5306122448978
5.85,1401.6326530612246
5.9312499999999995,1401.6326530612246
6.0125,1401.6326530612246
20.71875,1401.6326530612246
20.8,1401.6326530612246
20.881249999999998,1401.6326530612246
20.962500000000002,1401.6326530612246
21.125,1401.6326530612246
21.20625,1401.6326530612246
21.2875,1401.6326530612246
21.36875,1401.6326530612246
5.85,1396.7346938775509
5.9312499999999995,1396.7346938775509
21.125,1396.7346938775509
21.20625,1396.7346938775509
21.2875,1396.7346938775509
21.36875,1396.7346938775509
5.85,1391.8367346938776
5.9312499999999995,1391.8367346938776
21.125,1391.8367346938776
21.20625,1391.8367346938776
21.2875,1391.8367346938776
21.36875,1391.8367346938776
5.85,1386.938775510204
5.9312499999999995,1386.938775510204
21.20625,1386.938775510204
21.2875,1386.938775510204
21.36875,1386.938775510204
21.53125,1386.938775510204
5.76875,1382.0408163265306
5.85,1382.0408163265306
21.20625,1382.0408163265306
21.2875,1382.0408163265306
21.36875,1382.0408163265306
21.53125,1382.0408163265306
5.76875,1377.142857142857
5.85,1377.142857142857
21.20625,1377.142857142857
21.2875,1377.142857142857
21.36875,1377.142857142857
21.53125,1377.142857142857
5.76875,1372.2448979591836
5.85,1372.2448979591836
21.20625,1372.2448979591836
21.53125,1372.2448979591836
5.76875,1367.3469387755104
5.85,1367.3469387755104
21.53125,1367.3469387755104
5.76875,1362.4489795918366
5.85,1362.4489795918366
5.6875,1357.5510204081634
5.76875,1357.5510204081634
5.6875,1352.6530612244896
5.76875,1352.6530612244896
5.6875,1347.7551020408164
5.76875,1347.7551020408164
5.6875,1342.857142857143
5.76875,1342.857142857143
5.606249999999999,1337.9591836734694
5.6875,1337.9591836734694
5.76875,1337.9591836734694
5.525,1333.061224489796
5.606249999999999,1333.061224489796
5.6875,1333.061224489796
5.525,1328.1632653061224
5.606249999999999,1328.1632653061224
5.6875,1328.1632653061224
5.606249999999999,1323.2653061224491
5.525,1318.3673469387754
5.606249999999999,1318.3673469387754
5.525,1313.4693877551022
5.606249999999999,1313.4693877551022
5.4437500000000005,1308.5714285714284
5.525,1308.5714285714284
5.4437500000000005,1303.6734693877552
5.525,1303.6734693877552
5.4437500000000005,1298.7755102040815
5.525,1298.7755102040815
5.3625,1293.8775510204082
5.4437500000000005,1293.8775510204082
5.525,1293.8775510204082
5.3625,1288.9795918367347
5.4437500000000005,1288.9795918367347
5.3625,1284.0816326530612
5.4437500000000005,1284.0816326530612
21.775000000000002,1284.0816326530612
21.85625,1284.0816326530612
5.3625,1279.183673469388
5.4437500000000005,1279.183673469388
21.85625,1279.183673469388
21.9375,1279.183673469388
5.28125,1274.2857142857142
5.3625,1274.2857142857142
5.4437500000000005,1274.2857142857142
21.85625,1274.2857142857142
21.9375,1274.2857142857142
5.28125,1269.387755102041
5.3625,1269.387755102041
21.85625,1269.387755102041
21.9375,1269.387755102041
5.28125,1264.4897959183672
5.3625,1264.4897959183672
21.9375,1264.4897959183672
22.01875,1264.4897959183672
5.28125,1259.591836734694
5.3625,1259.591836734694
21.9375,1259.591836734694
22.01875,1259.591836734694
5.28125,1254.6938775510203
5.3625,1254.6938775510203
21.9375,1254.6938775510203
22.01875,1254.6938775510203
5.2,1249.795918367347
5.28125,1249.795918367347
21.9375,1249.795918367347
22.01875,1249.795918367347
5.11875,1244.8979591836735
5.2,1244.8979591836735
21.9375,1244.8979591836735
22.01875,1244.8979591836735
22.1,1244.8979591836735
5.11875,1240.0
5.2,1240.0
22.01875,1240.0
22.1,1240.0
5.11875,1235.1020408163265
5.2,1235.1020408163265
22.01875,1235.1020408163265
22.1,1235.1020408163265
5.11875,1230.204081632653
5.2,1230.204081632653
5.28125,1230.204081632653
22.01875,1230.204081632653
22.1,1230.204081632653
5.11875,1225.3061224489797
5.2,1225.3061224489797
22.01875,1225.3061224489797
22.1,1225.3061224489797
5.11875,1220.408163265306
5.2,1220.408163265306
22.01875,1220.408163265306
22.1,1220.408163265306
22.18125,1220.408163265306
5.0375,1215.5102040816328
5.11875,1215.5102040816328
22.1,1215.5102040816328
22.18125,1215.5102040816328
5.0375,1210.612244897959
5.11875,1210.612244897959
22.1,1210.612244897959
22.18125,1210.612244897959
4.95625,1205.7142857142858
5.0375,1205.7142857142858
5.11875,1205.7142857142858
22.1,1205.7142857142858
22.18125,1205.7142857142858
4.95625,1200.8163265306123
5.0375,1200.8163265306123
22.1,1200.8163265306123
22.18125,1200.8163265306123
4.95625,1195.9183673469388
5.0375,1195.9183673469388
22.262500000000003,1195.9183673469388
4.95625,1191.0204081632653
5.0375,1191.0204081632653
22.18125,1191.0204081632653
22.262500000000003,1191.0204081632653
4.95625,1186.1224489795918
5.0375,1186.1224489795918
22.18125,1186.1224489795918
22.262500000000003,1186.1224489795918
4.95625,1181.2244897959185
5.0375,1181.2244897959185
4.875,1176.3265306122448
4.95625,1176.3265306122448
5.0375,1176.3265306122448
22.50625,1176.3265306122448
4.875,1171.4285714285716
4.95625,1171.4285714285716
22.50625,1171.4285714285716
4.875,1166.530612244898
4.95625,1166.530612244898
22.50625,1166.530612244898
22.5875,1166.530612244898
4.875,1161.6326530612243
4.95625,1161.6326530612243
22.50625,1161.6326530612243
22.5875,1161.6326530612243
22.66875,1161.6326530612243
22.75,1161.6326530612243
4.875,1156.734693877551
4.95625,1156.734693877551
22.5875,1156.734693877551
22.66875,1156.734693877551
4.875,1151.8367346938776
4.95625,1151.8367346938776
22.5875,1151.8367346938776
22.66875,1151.8367346938776
4.7124999999999995,1146.938775510204
4.79375,1146.938775510204
4.875,1146.938775510204
22.66875,1146.938775510204
22.75,1146.938775510204
4.7124999999999995,1142.0408163265306
4.79375,1142.0408163265306
22.75,1142.0408163265306
4.7124999999999995,1137.142857142857
4.79375,1137.142857142857
4.875,1137.142857142857
22.75,1137.142857142857
4.7124999999999995,1132.2448979591836
4.79375,1132.2448979591836
22.75,1132.2448979591836
4.63125,1127.3469387755104
4.7124999999999995,1127.3469387755104
22.75,1127.3469387755104
4.63125,1122.4489795918366
4.7124999999999995,1122.4489795918366
22.75,1122.4489795918366
4.63125,1117.5510204081631
4.7124999999999995,1117.5510204081631
4.63125,1112.6530612244899
4.7124999999999995,1112.6530612244899
23.2375,1112.6530612244899
23.31875,1112.6530612244899
4.63125,1107.7551020408164
4.7124999999999995,1107.7551020408164
22.993750000000002,1107.7551020408164
23.075,1107.7551020408164
23.15625,1107.7551020408164
23.2375,1107.7551020408164
23.31875,1107.7551020408164
23.4,1107.7551020408164
4.550000000000001,1102.857142857143
4.63125,1102.857142857143
4.7124999999999995,1102.857142857143
22.993750000000002,1102.857142857143
23.075,1102.857142857143
23.15625,1102.857142857143
23.2375,1102.857142857143
23.31875,1102.857142857143
23.4,1102.857142857143
4.550000000000001,1097.9591836734694
4.63125,1097.9591836734694
23.075,1097.9591836734694
23.15625,1097.9591836734694
23.2375,1097.9591836734694
23.31875,1097.9591836734694
23.4,1097.9591836734694
4.550000000000001,1093.061224489796
4.63125,1093.061224489796
23.31875,1093.061224489796
23.4,1093.061224489796
4.550000000000001,1088.1632653061224
4.63125,1088.1632653061224
23.31875,1088.1632653061224
23.4,1088.1632653061224
4.550000000000001,1083.2653061224491
4.63125,1083.2653061224491
23.4,1083.2653061224491
23.48125,1083.2653061224491
4.46875,1078.3673469387754
4.550000000000001,1078.3673469387754
4.63125,1078.3673469387754
23.48125,1078.3673469387754
23.5625,1078.3673469387754
23.64375,1078.3673469387754
4.46875,1073.469387755102
4.550000000000001,1073.469387755102
23.5625,1073.469387755102
23.64375,1073.469387755102
4.46875,1068.5714285714287
4.550000000000001,1068.5714285714287
23.5625,1068.5714285714287
23.64375,1068.5714285714287
23.724999999999998,1068.5714285714287
4.46875,1063.6734693877552
4.550000000000001,1063.6734693877552
23.724999999999998,1063.6734693877552
23.806250000000002,1063.6734693877552
4.46875,1058.7755102040817
4.550000000000001,1058.7755102040817
23.806250000000002,1058.7755102040817
23.8875,1058.7755102040817
23.96875,1058.7755102040817
24.05,1058.7755102040817
4.3875,1053.8775510204082
4.46875,1053.8775510204082
4.550000000000001,1053.8775510204082
23.8875,1053.8775510204082
23.96875,1053.8775510204082
24.05,1053.8775510204082
24.13125,1053.8775510204082
4.30625,1048.9795918367347
4.3875,1048.9795918367347
4.46875,1048.9795918367347
24.05,1048.9795918367347
24.13125,1048.9795918367347
24.2125,1048.9795918367347
4.30625,1044.0816326530612
4.3875,1044.0816326530612
4.46875,1044.0816326530612
24.13125,1044.0816326530612
24.2125,1044.0816326530612
24.293750000000003,1044.0816326530612
4.30625,1039.1836734693877
4.3875,1039.1836734693877
4.46875,1039.1836734693877
24.13125,1039.1836734693877
24.2125,1039.1836734693877
24.293750000000003,1039.1836734693877
24.375,1039.1836734693877
24.456249999999997,1039.1836734693877
24.5375,1039.1836734693877
24.61875,1039.1836734693877
4.30625,1034.2857142857142
4.3875,1034.2857142857142
24.2125,1034.2857142857142
24.293750000000003,1034.2857142857142
24.375,1034.2857142857142
24.5375,1034.2857142857142
24.61875,1034.2857142857142
24.7,1034.2857142857142
4.2250000000000005,1029.3877551020407
4.30625,1029.3877551020407
4.3875,1029.3877551020407
24.61875,1029.3877551020407
24.7,1029.3877551020407
24.78125,1029.3877551020407
4.2250000000000005,1024.4897959183675
4.30625,1024.4897959183675
24.7,1024.4897959183675
24.78125,1024.4897959183675
24.8625,1024.4897959183675
24.943749999999998,1024.4897959183675
25.025000000000002,1024.4897959183675
4.2250000000000005,1019.5918367346937
4.30625,1019.5918367346937
24.78125,1019.5918367346937
24.8625,1019.5918367346937
24.943749999999998,1019.5918367346937
25.025000000000002,1019.5918367346937
25.10625,1019.5918367346937
4.2250000000000005,1014.6938775510205
4.30625,1014.6938775510205
25.1875,1014.6938775510205
25.26875,1014.6938775510205
25.35,1014.6938775510205
25.43125,1014.6938775510205
4.2250000000000005,1009.795918367347
4.30625,1009.795918367347
25.1875,1009.795918367347
25.26875,1009.795918367347
25.35,1009.795918367347
25.43125,1009.795918367347
25.5125,1009.795918367347
25.59375,1009.795918367347
25.675,1009.795918367347
25.756249999999998,1009.795918367347
4.14375,1004.8979591836735
4.2250000000000005,1004.8979591836735
4.30625,1004.8979591836735
25.1875,1004.8979591836735
25.26875,1004.8979591836735
25.35,1004.8979591836735
25.43125,1004.8979591836735
25.5125,1004.8979591836735
25.59375,1004.8979591836735
25.675,1004.8979591836735
25.756249999999998,1004.8979591836735
4.14375,1000.0
4.2250000000000005,1000.0
25.675,1000.0
25.756249999999998,1000.0
4.14375,995.1020408163265
4.2250000000000005,995.1020408163265
25.675,995.1020408163265
25.756249999999998,995.1020408163265
25.91875,995.1020408163265
4.14375,990.204081632653
4.2250000000000005,990.204081632653
25.756249999999998,990.204081632653
25.837500000000002,990.204081632653
25.91875,990.204081632653
26.0,990.204081632653
26.08125,990.204081632653
26.1625,990.204081632653
4.14375,985.3061224489797
4.2250000000000005,985.3061224489797
25.756249999999998,985.3061224489797
25.837500000000002,985.3061224489797
25.91875,985.3061224489797
26.0,985.3061224489797
26.08125,985.3061224489797
26.1625,985.3061224489797
4.14375,980.4081632653063
4.2250000000000005,980.4081632653063
25.756249999999998,980.4081632653063
25.837500000000002,980.4081632653063
26.0,980.4081632653063
26.08125,980.4081632653063
26.1625,980.4081632653063
26.24375,980.4081632653063
4.0625,975.5102040816325
4.14375,975.5102040816325
26.1625,975.5102040816325
26.24375,975.5102040816325
26.325000000000003,975.5102040816325
26.40625,975.5102040816325
4.0625,970.612244897959
4.14375,970.612244897959
26.1625,970.612244897959
26.24375,970.612244897959
26.325000000000003,970.612244897959
26.40625,970.612244897959
26.487499999999997,970.612244897959
4.0625,965.7142857142858
4.14375,965.7142857142858
26.40625,965.7142857142858
26.487499999999997,965.7142857142858
4.0625,960.8163265306123
4.14375,960.8163265306123
26.40625,960.8163265306123
26.487499999999997,960.8163265306123
26.56875,960.8163265306123
26.65,960.8163265306123
3.9812499999999997,955.9183673469388
4.0625,955.9183673469388
26.56875,955.9183673469388
26.65,955.9183673469388
26.73125,955.9183673469388
26.8125,955.9183673469388
3.9,951.0204081632653
3.9812499999999997,951.0204081632653
4.0625,951.0204081632653
26.56875,951.0204081632653
26.65,951.0204081632653
26.73125,951.0204081632653
26.8125,951.0204081632653
26.89375,951.0204081632653
3.9,946.1224489795918
3.9812499999999997,946.1224489795918
26.8125,946.1224489795918
26.89375,946.1224489795918
27.21875,946.1224489795918
3.9,941.2244897959185
3.9812499999999997,941.2244897959185
26.89375,941.2244897959185
26.974999999999998,941.2244897959185
27.056250000000002,941.2244897959185
27.1375,941.2244897959185
27.21875,941.2244897959185
27.3,941.2244897959185
3.9,936.3265306122448
3.9812499999999997,936.3265306122448
26.974999999999998,936.3265306122448
27.056250000000002,936.3265306122448
27.1375,936.3265306122448
27.21875,936.3265306122448
27.3,936.3265306122448
3.9,931.4285714285713
3.9812499999999997,931.4285714285713
4.0625,931.4285714285713
26.974999999999998,931.4285714285713
27.056250000000002,931.4285714285713
27.1375,931.4285714285713
27.21875,931.4285714285713
27.3,931.4285714285713
27.38125,931.4285714285713
3.9,926.5306122448978
3.9812499999999997,926.5306122448978
27.3,926.5306122448978
27.38125,926.5306122448978
27.4625,926.5306122448978
27.54375,926.5306122448978
27.625,926.5306122448978
3.8187499999999996,921.6326530612246
3.9,921.6326530612246
27.38125,921.6326530612246
27.4625,921.6326530612246
27.54375,921.6326530612246
27.625,921.6326530612246
27.70625,921.6326530612246
3.8187499999999996,916.7346938775511
3.9,916.7346938775511
27.4625,916.7346938775511
27.54375,916.7346938775511
27.625,916.7346938775511
27.70625,916.7346938775511
27.787499999999998,916.7346938775511
3.8187499999999996,911.8367346938776
3.9,911.8367346938776
27.54375,911.8367346938776
27.70625,911.8367346938776
27.787499999999998,911.8367346938776
27.868750000000002,911.8367346938776
3.7375000000000003,906.9387755102041
3.8187499999999996,906.9387755102041
3.9,906.9387755102041
27.70625,906.9387755102041
27.787499999999998,906.9387755102041
27.868750000000002,906.9387755102041
27.95,906.9387755102041
28.1125,906.9387755102041
28.19375,906.9387755102041
3.7375000000000003,902.0408163265306
3.8187499999999996,902.0408163265306
27.868750000000002,902.0408163265306
27.95,902.0408163265306
28.03125,902.0408163265306
28.1125,902.0408163265306
28.19375,902.0408163265306
3.7375000000000003,897.1428571428573
3.8187499999999996,897.1428571428573
27.868750000000002,897.1428571428573
27.95,897.1428571428573
28.03125,897.1428571428573
28.1125,897.1428571428573
28.19375,897.1428571428573
28.275,897.1428571428573
3.7375000000000003,892.2448979591836
3.8187499999999996,892.2448979591836
28.19375,892.2448979591836
28.275,892.2448979591836
28.356250000000003,892.2448979591836
28.4375,892.2448979591836
3.7375000000000003,887.3469387755101
3.8187499999999996,887.3469387755101
28.275,887.3469387755101
28.356250000000003,887.3469387755101
28.4375,887.3469387755101
28.518749999999997,887.3469387755101
3.65625,882.4489795918366
3.7375000000000003,882.4489795918366
3.8187499999999996,882.4489795918366
28.356250000000003,882.4489795918366
28.4375,882.4489795918366
28.518749999999997,882.4489795918366
28.6,882.4489795918366
28.68125,882.4489795918366
3.65625,877.5510204081634
3.7375000000000003,877.5510204081634
28.4375,877.5510204081634
28.518749999999997,877.5510204081634
28.6,877.5510204081634
28.68125,877.5510204081634
28.7625,877.5510204081634
3.65625,872.6530612244899
3.7375000000000003,872.6530612244899
28.7625,872.6530612244899
28.84375,872.6530612244899
3.65625,867.7551020408164
3.7375000000000003,867.7551020408164
28.84375,867.7551020408164
28.925,867.7551020408164
29.006249999999998,867.7551020408164
29.087500000000002,867.7551020408164
3.65625,862.8571428571429
3.7375000000000003,862.8571428571429
28.925,862.8571428571429
29.006249999999998,862.8571428571429
29.087500000000002,862.8571428571429
29.16875,862.8571428571429
29.25,862.8571428571429
29.33125,862.8571428571429
3.575,857.9591836734694
3.65625,857.9591836734694
29.16875,857.9591836734694
29.25,857.9591836734694
29.33125,857.9591836734694
29.4125,857.9591836734694
29.49375,857.9591836734694
3.49375,853.0612244897961
3.575,853.0612244897961
3.65625,853.0612244897961
29.33125,853.0612244897961
29.4125,853.0612244897961
29.49375,853.0612244897961
29.575,853.0612244897961
29.65625,853.0612244897961
3.49375,848.1632653061224
3.575,848.1632653061224
3.65625,848.1632653061224
29.49375,848.1632653061224
29.575,848.1632653061224
29.65625,848.1632653061224
29.7375,848.1632653061224
29.818749999999998,848.1632653061224
3.49375,843.2653061224489
3.575,843.2653061224489
29.65625,843.2653061224489
29.7375,843.2653061224489
29.818749999999998,843.2653061224489
29.900000000000002,843.2653061224489
3.4125,838.3673469387754
3.49375,838.3673469387754
3.575,838.3673469387754
29.65625,838.3673469387754
29.818749999999998,838.3673469387754
29.900000000000002,838.3673469387754
29.98125,838.3673469387754
30.0625,838.3673469387754
30.14375,838.3673469387754
3.4125,833.4693877551019
3.49375,833.4693877551019
29.818749999999998,833.4693877551019
29.900000000000002,833.4693877551019
29.98125,833.4693877551019
30.0625,833.4693877551019
30.14375,833.4693877551019
30.225,833.4693877551019
30.30625,833.4693877551019
3.4125,828.5714285714287
3.49375,828.5714285714287
30.14375,828.5714285714287
30.225,828.5714285714287
30.30625,828.5714285714287
30.387500000000003,828.5714285714287
3.4125,823.6734693877552
3.49375,823.6734693877552
30.30625,823.6734693877552
30.387500000000003,823.6734693877552
30.46875,823.6734693877552
3.4125,818.7755102040817
3.49375,818.7755102040817
30.387500000000003,818.7755102040817
30.46875,818.7755102040817
30.549999999999997,818.7755102040817
30.63125,818.7755102040817
30.7125,818.7755102040817
30.79375,818.7755102040817
3.33125,813.877551020408
3.4125,813.877551020408
3.49375,813.877551020408
30.387500000000003,813.877551020408
30.46875,813.877551020408
30.549999999999997,813.877551020408
30.63125,813.877551020408
30.7125,813.877551020408
30.79375,813.877551020408
30.875,813.877551020408
30.95625,813.877551020408
3.33125,808.9795918367347
3.4125,808.9795918367347
30.549999999999997,808.9795918367347
30.63125,808.9795918367347
30.7125,808.9795918367347
30.79375,808.9795918367347
30.875,808.9795918367347
30.95625,808.9795918367347
3.33125,804.0816326530612
3.4125,804.0816326530612
30.875,804.0816326530612
30.95625,804.0816326530612
31.037499999999998,804.0816326530612
31.118750000000002,804.0816326530612
31.2,804.0816326530612
31.28125,804.0816326530612
31.3625,804.0816326530612
3.33125,799.1836734693877
3.4125,799.1836734693877
30.95625,799.1836734693877
31.037499999999998,799.1836734693877
31.118750000000002,799.1836734693877
31.2,799.1836734693877
31.28125,799.1836734693877
31.3625,799.1836734693877
31.44375,799.1836734693877
3.33125,794.2857142857142
3.4125,794.2857142857142
31.3625,794.2857142857142
31.44375,794.2857142857142
31.525,794.2857142857142
3.25,789.3877551020407
3.33125,789.3877551020407
31.44375,789.3877551020407
31.525,789.3877551020407
31.60625,789.3877551020407
31.6875,789.3877551020407
31.76875,789.3877551020407
3.25,784.4897959183675
3.33125,784.4897959183675
31.525,784.4897959183675
31.60625,784.4897959183675
31.6875,784.4897959183675
31.76875,784.4897959183675
31.849999999999998,784.4897959183675
3.25,779.591836734694
3.33125,779.591836734694
31.76875,779.591836734694
31.849999999999998,779.591836734694
31.931250000000002,779.591836734694
3.16875,774.6938775510205
3.25,774.6938775510205
3.33125,774.6938775510205
31.76875,774.6938775510205
31.849999999999998,774.6938775510205
31.931250000000002,774.6938775510205
32.175,774.6938775510205
3.0875,769.7959183673468
3.16875,769.7959183673468
3.25,769.7959183673468
31.849999999999998,769.7959183673468
31.931250000000002,769.7959183673468
32.0125,769.7959183673468
32.09375,769.7959183673468
32.175,769.7959183673468
32.25625,769.7959183673468
3.0875,764.8979591836735
3.16875,764.8979591836735
31.931250000000002,764.8979591836735
32.0125,764.8979591836735
32.09375,764.8979591836735
32.175,764.8979591836735
32.25625,764.8979591836735
32.3375,764.8979591836735
32.41875,764.8979591836735
3.0875,760.0
3.16875,760.0
3.25,760.0
32.25625,760.0
32.3375,760.0
32.41875,760.0
32.5,760.0
32.58125,760.0
32.662499999999994,760.0
32.74375,760.0
3.0875,755.1020408163265
3.16875,755.1020408163265
3.25,755.1020408163265
32.41875,755.1020408163265
32.5,755.1020408163265
32.58125,755.1020408163265
32.662499999999994,755.1020408163265
32.74375,755.1020408163265
3.0875,750.204081632653
3.16875,750.204081632653
3.25,750.204081632653
32.662499999999994,750.204081632653
32.74375,750.204081632653
32.825,750.204081632653
32.9875,750.204081632653
3.0875,745.3061224489795
3.16875,745.3061224489795
32.825,745.3061224489795
32.90625,745.3061224489795
32.9875,745.3061224489795
33.06875,745.3061224489795
3.00625,740.4081632653063
3.0875,740.4081632653063
3.16875,740.4081632653063
32.90625,740.4081632653063
32.9875,740.4081632653063
33.06875,740.4081632653063
33.15,740.4081632653063
3.00625,735.5102040816328
3.0875,735.5102040816328
33.06875,735.5102040816328
33.15,735.5102040816328
33.231249999999996,735.5102040816328
33.3125,735.5102040816328
33.393750000000004,735.5102040816328
33.475,735.5102040816328
3.00625,730.612244897959
3.0875,730.612244897959
33.06875,730.612244897959
33.15,730.612244897959
33.231249999999996,730.612244897959
33.3125,730.612244897959
33.393750000000004,730.612244897959
33.475,730.612244897959
33.55625,730.612244897959
33.637499999999996,730.612244897959
33.800000000000004,730.612244897959
3.00625,725.7142857142856
3.0875,725.7142857142856
33.475,725.7142857142856
33.55625,725.7142857142856
33.637499999999996,725.7142857142856
33.71875,725.7142857142856
33.800000000000004,725.7142857142856
33.88125,725.7142857142856
34.04375,725.7142857142856
3.00625,720.8163265306123
3.0875,720.8163265306123
33.71875,720.8163265306123
33.800000000000004,720.8163265306123
33.88125,720.8163265306123
33.9625,720.8163265306123
34.04375,720.8163265306123
2.925,715.9183673469388
3.00625,715.9183673469388
3.0875,715.9183673469388
33.71875,715.9183673469388
33.9625,715.9183673469388
34.04375,715.9183673469388
34.125,715.9183673469388
2.925,711.0204081632653
3.00625,711.0204081632653
14.38125,711.0204081632653
33.9625,711.0204081632653
34.04375,711.0204081632653
34.125,711.0204081632653
34.20625,711.0204081632653
34.2875,711.0204081632653
34.368750000000006,711.0204081632653
2.925,706.1224489795918
3.00625,706.1224489795918
14.38125,706.1224489795918
34.04375,706.1224489795918
34.125,706.1224489795918
34.20625,706.1224489795918
34.2875,706.1224489795918
34.368750000000006,706.1224489795918
34.45,706.1224489795918
2.925,701.2244897959183
3.00625,701.2244897959183
34.45,701.2244897959183
34.53125,701.2244897959183
2.925,696.326530612245
3.00625,696.326530612245
14.38125,696.326530612245
34.45,696.326530612245
34.53125,696.326530612245
34.6125,696.326530612245
2.925,691.4285714285716
3.00625,691.4285714285716
34.45,691.4285714285716
34.53125,691.4285714285716
34.6125,691.4285714285716
34.693749999999994,691.4285714285716
34.775,691.4285714285716
34.85625,691.4285714285716
2.925,686.5306122448978
3.00625,686.5306122448978
34.53125,686.5306122448978
34.6125,686.5306122448978
34.693749999999994,686.5306122448978
34.775,686.5306122448978
34.85625,686.5306122448978
34.9375,686.5306122448978
35.01875,686.5306122448978
2.84375,681.6326530612243
2.925,681.6326530612243
3.00625,681.6326530612243
34.6125,681.6326530612243
34.693749999999994,681.6326530612243
34.775,681.6326530612243
34.85625,681.6326530612243
34.9375,681.6326530612243
35.01875,681.6326530612243
35.1,681.6326530612243
2.84375,676.7346938775511
2.925,676.7346938775511
34.9375,676.7346938775511
35.01875,676.7346938775511
35.1,676.7346938775511
35.18125,676.7346938775511
2.84375,671.8367346938776
2.925,671.8367346938776
35.01875,671.8367346938776
35.1,671.8367346938776
35.18125,671.8367346938776
35.262499999999996,671.8367346938776
35.34375,671.8367346938776
2.84375,666.9387755102041
2.925,666.9387755102041
35.18125,666.9387755102041
35.262499999999996,666.9387755102041
35.34375,666.9387755102041
35.425000000000004,666.9387755102041
2.84375,662.0408163265306
2.925,662.0408163265306
35.262499999999996,662.0408163265306
35.34375,662.0408163265306
35.425000000000004,662.0408163265306
35.50625,662.0408163265306
2.84375,657.1428571428571
2.925,657.1428571428571
35.34375,657.1428571428571
35.425000000000004,657.1428571428571
35.50625,657.1428571428571
35.5875,657.1428571428571
35.668749999999996,657.1428571428571
2.84375,652.2448979591838
2.925,652.2448979591838
35.50625,652.2448979591838
35.5875,652.2448979591838
35.668749999999996,652.2448979591838
35.75,652.2448979591838
2.68125,647.3469387755104
2.7625,647.3469387755104
2.84375,647.3469387755104
35.5875,647.3469387755104
35.668749999999996,647.3469387755104
2.68125,642.4489795918366
2.7625,642.4489795918366
35.668749999999996,642.4489795918366
35.831250000000004,642.4489795918366
35.9125,642.4489795918366
2.68125,637.5510204081631
2.7625,637.5510204081631
2.84375,637.5510204081631
35.9125,637.5510204081631
35.99375,637.5510204081631
2.68125,632.6530612244899
2.7625,632.6530612244899
2.84375,632.6530612244899
35.99375,632.6530612244899
2.68125,627.7551020408164
2.7625,627.7551020408164
36.2375,627.7551020408164
36.31875,627.7551020408164
2.68125,622.8571428571429
2.7625,622.8571428571429
2.84375,622.8571428571429
36.31875,622.8571428571429
36.400000000000006,622.8571428571429
2.6,617.9591836734694
2.68125,617.9591836734694
36.400000000000006,617.9591836734694
36.48125,617.9591836734694
2.6,613.0612244897959
2.68125,613.0612244897959
36.48125,613.0612244897959
36.5625,613.0612244897959
2.6,608.1632653061226
2.68125,608.1632653061226
36.5625,608.1632653061226
36.64375,608.1632653061226
36.724999999999994,608.1632653061226
36.80625,608.1632653061226
2.6,603.2653061224489
2.68125,603.2653061224489
36.64375,603.2653061224489
36.724999999999994,603.2653061224489
36.80625,603.2653061224489
36.8875,603.2653061224489
2.6,598.3673469387754
2.68125,598.3673469387754
36.724999999999994,598.3673469387754
36.80625,598.3673469387754
36.8875,598.3673469387754
36.96875,598.3673469387754
37.05,598.3673469387754
2.6,593.4693877551019
2.68125,593.4693877551019
36.80625,593.4693877551019
36.8875,593.4693877551019
36.96875,593.4693877551019
37.05,593.4693877551019
37.13125,593.4693877551019
37.2125,593.4693877551019
2.51875,588.5714285714287
2.6,588.5714285714287
2.68125,588.5714285714287
36.96875,588.5714285714287
37.05,588.5714285714287
37.13125,588.5714285714287
37.2125,588.5714285714287
37.293749999999996,588.5714285714287
37.375,588.5714285714287
37.456250000000004,588.5714285714287
37.5375,588.5714285714287
37.61875,588.5714285714287
2.51875,583.6734693877552
2.6,583.6734693877552
37.2125,583.6734693877552
37.293749999999996,583.6734693877552
37.375,583.6734693877552
37.456250000000004,583.6734693877552
37.5375,583.6734693877552
37.61875,583.6734693877552
37.699999999999996,583.6734693877552
2.51875,578.7755102040817
2.6,578.7755102040817
37.5375,578.7755102040817
37.61875,578.7755102040817
37.699999999999996,578.7755102040817
37.78125,578.7755102040817
2.51875,573.8775510204082
2.6,573.8775510204082
37.699999999999996,573.8775510204082
37.78125,573.8775510204082
37.862500000000004,573.8775510204082
2.51875,568.9795918367347
2.6,568.9795918367347
37.78125,568.9795918367347
37.862500000000004,568.9795918367347
37.94375,568.9795918367347
38.025,568.9795918367347
2.4375,564.0816326530614
2.51875,564.0816326530614
2.6,564.0816326530614
37.862500000000004,564.0816326530614
37.94375,564.0816326530614
38.025,564.0816326530614
38.10625,564.0816326530614
38.1875,564.0816326530614
38.26875,564.0816326530614
38.35,564.0816326530614
38.431250000000006,564.0816326530614
2.4375,559.1836734693877
2.51875,559.1836734693877
38.10625,559.1836734693877
38.1875,559.1836734693877
38.26875,559.1836734693877
38.35,559.1836734693877
38.431250000000006,559.1836734693877
38.5125,559.1836734693877
2.4375,554.2857142857142
2.51875,554.2857142857142
38.5125,554.2857142857142
38.59375,554.2857142857142
2.4375,549.3877551020407
2.51875,549.3877551020407
38.59375,549.3877551020407
38.675,549.3877551020407
38.756249999999994,549.3877551020407
2.4375,544.4897959183672
2.51875,544.4897959183672
38.675,544.4897959183672
38.756249999999994,544.4897959183672
38.8375,544.4897959183672
38.91875,544.4897959183672
2.3562499999999997,539.591836734694
2.4375,539.591836734694
2.51875,539.591836734694
38.8375,539.591836734694
38.91875,539.591836734694
39.0,539.591836734694
2.2750000000000004,534.6938775510205
2.3562499999999997,534.6938775510205
2.4375,534.6938775510205
38.91875,534.6938775510205
39.0,534.6938775510205
39.08125,534.6938775510205
39.1625,534.6938775510205
39.24375,534.6938775510205
2.2750000000000004,529.795918367347
2.3562499999999997,529.795918367347
39.0,529.795918367347
39.08125,529.795918367347
39.1625,529.795918367347
39.24375,529.795918367347
39.324999999999996,529.795918367347
39.487500000000004,529.795918367347
39.56875,529.795918367347
2.2750000000000004,524.8979591836733
2.3562499999999997,524.8979591836733
2.4375,524.8979591836733
39.24375,524.8979591836733
39.324999999999996,524.8979591836733
39.40625,524.8979591836733
39.487500000000004,524.8979591836733
39.56875,524.8979591836733
39.65,524.8979591836733
2.2750000000000004,520.0
2.3562499999999997,520.0
2.4375,520.0
39.40625,520.0
39.487500000000004,520.0
39.56875,520.0
39.65,520.0
39.731249999999996,520.0
39.8125,520.0
39.893750000000004,520.0
2.19375,515.1020408163265
2.2750000000000004,515.1020408163265
2.3562499999999997,515.1020408163265
39.65,515.1020408163265
39.731249999999996,515.1020408163265
39.8125,515.1020408163265
39.893750000000004,515.1020408163265
2.19375,510.204081632653
2.2750000000000004,510.204081632653
39.8125,510.204081632653
39.893750000000004,510.204081632653
39.975,510.204081632653
40.05625,510.204081632653
2.19375,505.3061224489795
2.2750000000000004,505.3061224489795
39.893750000000004,505.3061224489795
39.975,505.3061224489795
40.05625,505.3061224489795
40.1375,505.3061224489795
2.19375,500.40816326530603
2.2750000000000004,500.40816326530603
40.05625,500.40816326530603
40.1375,500.40816326530603
2.19375,495.51020408163276
2.2750000000000004,495.51020408163276
40.1375,495.51020408163276
40.21875,495.51020408163276
40.3,495.51020408163276
2.19375,490.6122448979593
2.2750000000000004,490.6122448979593
40.21875,490.6122448979593
40.3,490.6122448979593
40.38125,490.6122448979593
40.462500000000006,490.6122448979593
2.19375,485.7142857142858
2.2750000000000004,485.7142857142858
40.21875,485.7142857142858
40.3,485.7142857142858
40.38125,485.7142857142858
40.462500000000006,485.7142857142858
40.54375,485.7142857142858
40.625,485.7142857142858
2.19375,480.81632653061206
2.2750000000000004,480.81632653061206
40.462500000000006,480.81632653061206
40.54375,480.81632653061206
40.625,480.81632653061206
40.70625,480.81632653061206
40.787499999999994,480.81632653061206
40.86875,480.81632653061206
40.95,480.81632653061206
2.1125000000000003,475.9183673469388
2.19375,475.9183673469388
40.625,475.9183673469388
40.70625,475.9183673469388
40.787499999999994,475.9183673469388
40.86875,475.9183673469388
40.95,475.9183673469388
41.03125,475.9183673469388
41.1125,475.9183673469388
2.1125000000000003,471.0204081632653
2.19375,471.0204081632653
40.625,471.0204081632653
40.70625,471.0204081632653
40.787499999999994,471.0204081632653
40.95,471.0204081632653
41.03125,471.0204081632653
41.1125,471.0204081632653
41.19375,471.0204081632653
2.1125000000000003,466.1224489795918
2.19375,466.1224489795918
41.03125,466.1224489795918
41.1125,466.1224489795918
41.19375,466.1224489795918
41.275,466.1224489795918
2.1125000000000003,461.2244897959183
2.19375,461.2244897959183
41.1125,461.2244897959183
41.19375,461.2244897959183
41.275,461.2244897959183
41.356249999999996,461.2244897959183
2.1125000000000003,456.3265306122448
2.19375,456.3265306122448
41.275,456.3265306122448
41.356249999999996,456.3265306122448
41.4375,456.3265306122448
41.518750000000004,456.3265306122448
2.1125000000000003,451.42857142857156
2.19375,451.42857142857156
41.4375,451.42857142857156
41.518750000000004,451.42857142857156
41.6,451.42857142857156
2.1125000000000003,446.53061224489807
2.19375,446.53061224489807
41.518750000000004,446.53061224489807
41.6,446.53061224489807
41.68125,446.53061224489807
41.762499999999996,446.53061224489807
41.84375,446.53061224489807
41.925000000000004,446.53061224489807
2.03125,441.63265306122435
2.1125000000000003,441.63265306122435
2.19375,441.63265306122435
41.6,441.63265306122435
41.68125,441.63265306122435
41.762499999999996,441.63265306122435
41.84375,441.63265306122435
41.925000000000004,441.63265306122435
42.00625,441.63265306122435
42.0875,441.63265306122435
42.16875,441.63265306122435
2.03125,436.73469387755085
2.1125000000000003,436.73469387755085
41.84375,436.73469387755085
41.925000000000004,436.73469387755085
42.00625,436.73469387755085
42.0875,436.73469387755085
42.16875,436.73469387755085
42.25,436.73469387755085
42.33125,436.73469387755085
42.4125,436.73469387755085
2.03125,431.8367346938776
2.1125000000000003,431.8367346938776
42.0875,431.8367346938776
42.16875,431.8367346938776
42.25,431.8367346938776
42.33125,431.8367346938776
42.4125,431.8367346938776
2.03125,426.9387755102041
2.1125000000000003,426.9387755102041
42.33125,426.9387755102041
42.4125,426.9387755102041
42.493750000000006,426.9387755102041
2.03125,422.0408163265306
2.1125000000000003,422.0408163265306
42.493750000000006,422.0408163265306
42.575,422.0408163265306
2.03125,417.1428571428571
2.1125000000000003,417.1428571428571
42.575,417.1428571428571
42.65625,417.1428571428571
42.7375,417.1428571428571
42.818749999999994,417.1428571428571
2.03125,412.2448979591836
2.1125000000000003,412.2448979591836
42.65625,412.2448979591836
42.7375,412.2448979591836
42.818749999999994,412.2448979591836
42.9,412.2448979591836
42.98125,412.2448979591836
1.95,407.34693877551035
2.03125,407.34693877551035
2.1125000000000003,407.34693877551035
42.7375,407.34693877551035
42.818749999999994,407.34693877551035
42.9,407.34693877551035
42.98125,407.34693877551035
43.0625,407.34693877551035
1.8687500000000001,402.44897959183686
1.95,402.44897959183686
2.03125,402.44897959183686
42.9,402.44897959183686
42.98125,402.44897959183686
43.0625,402.44897959183686
43.14375,402.44897959183686
43.225,402.44897959183686
1.8687500000000001,397.55102040816314
1.95,397.55102040816314
42.98125,397.55102040816314
43.0625,397.55102040816314
43.14375,397.55102040816314
43.225,397.55102040816314
43.30625,397.55102040816314
43.387499999999996,397.55102040816314
43.46875,397.55102040816314
1.8687500000000001,392.65306122448965
1.95,392.65306122448965
43.14375,392.65306122448965
43.225,392.65306122448965
43.30625,392.65306122448965
43.387499999999996,392.65306122448965
43.46875,392.65306122448965
43.550000000000004,392.65306122448965
43.63125,392.65306122448965
1.8687500000000001,387.7551020408164
1.95,387.7551020408164
2.03125,387.7551020408164
43.46875,387.7551020408164
43.550000000000004,387.7551020408164
43.63125,387.7551020408164
43.7125,387.7551020408164
1.95,382.8571428571429
2.03125,382.8571428571429
43.550000000000004,382.8571428571429
43.63125,382.8571428571429
43.7125,382.8571428571429
43.793749999999996,382.8571428571429
1.8687500000000001,377.9591836734694
1.95,377.9591836734694
2.03125,377.9591836734694
43.7125,377.9591836734694
43.793749999999996,377.9591836734694
1.8687500000000001,373.0612244897959
1.95,373.0612244897959
43.7125,373.0612244897959
43.793749999999996,373.0612244897959
43.875,373.0612244897959
43.956250000000004,373.0612244897959
1.7875,368.1632653061224
1.8687500000000001,368.1632653061224
43.793749999999996,368.1632653061224
43.875,368.1632653061224
43.956250000000004,368.1632653061224
44.0375,368.1632653061224
44.11875,368.1632653061224
1.7875,363.26530612244915
1.8687500000000001,363.26530612244915
43.956250000000004,363.26530612244915
44.0375,363.26530612244915
44.11875,363.26530612244915
44.2,363.26530612244915
44.28125,363.26530612244915
1.7875,358.36734693877565
1.8687500000000001,358.36734693877565
44.0375,358.36734693877565
44.11875,358.36734693877565
44.2,358.36734693877565
44.28125,358.36734693877565
44.3625,358.36734693877565
44.44375,358.36734693877565
1.7875,353.46938775510193
1.8687500000000001,353.46938775510193
44.3625,353.46938775510193
44.44375,353.46938775510193
44.525000000000006,353.46938775510193
1.70625,348.57142857142844
1.7875,348.57142857142844
44.44375,348.57142857142844
44.525000000000006,348.57142857142844
44.60625,348.57142857142844
44.6875,348.57142857142844
44.76875,348.57142857142844
1.70625,343.6734693877552
1.7875,343.6734693877552
44.44375,343.6734693877552
44.525000000000006,343.6734693877552
44.60625,343.6734693877552
44.6875,343.6734693877552
44.76875,343.6734693877552
44.849999999999994,343.6734693877552
1.70625,338.7755102040817
1.7875,338.7755102040817
44.6875,338.7755102040817
44.76875,338.7755102040817
44.849999999999994,338.7755102040817
44.93125,338.7755102040817
45.0125,338.7755102040817
45.09375,338.7755102040817
45.175,338.7755102040817
45.25625,338.7755102040817
1.70625,333.8775510204082
1.7875,333.8775510204082
44.849999999999994,333.8775510204082
44.93125,333.8775510204082
45.0125,333.8775510204082
45.09375,333.8775510204082
45.175,333.8775510204082
45.25625,333.8775510204082
45.3375,333.8775510204082
1.70625,328.9795918367347
1.7875,328.9795918367347
45.175,328.9795918367347
45.25625,328.9795918367347
45.3375,328.9795918367347
45.418749999999996,328.9795918367347
45.5,328.9795918367347
1.70625,324.0816326530612
1.7875,324.0816326530612
45.25625,324.0816326530612
45.3375,324.0816326530612
45.418749999999996,324.0816326530612
45.5,324.0816326530612
45.581250000000004,324.0816326530612
1.625,319.18367346938794
1.70625,319.18367346938794
1.7875,319.18367346938794
45.5,319.18367346938794
45.581250000000004,319.18367346938794
45.6625,319.18367346938794
45.74375,319.18367346938794
1.625,314.2857142857142
1.70625,314.2857142857142
45.581250000000004,314.2857142857142
45.6625,314.2857142857142
45.74375,314.2857142857142
45.824999999999996,314.2857142857142
1.625,309.3877551020407
1.70625,309.3877551020407
45.74375,309.3877551020407
45.824999999999996,309.3877551020407
1.625,304.48979591836724
1.70625,304.48979591836724
45.90625,304.48979591836724
45.987500000000004,304.48979591836724
46.06875,304.48979591836724
1.625,299.59183673469397
1.70625,299.59183673469397
45.90625,299.59183673469397
45.987500000000004,299.59183673469397
46.06875,299.59183673469397
46.15,299.59183673469397
1.54375,294.6938775510205
1.625,294.6938775510205
46.06875,294.6938775510205
46.15,294.6938775510205
46.23125,294.6938775510205
1.4625,289.795918367347
1.54375,289.795918367347
46.06875,289.795918367347
46.15,289.795918367347
46.23125,289.795918367347
46.3125,289.795918367347
1.4625,284.8979591836735
1.54375,284.8979591836735
46.15,284.8979591836735
46.23125,284.8979591836735
46.3125,284.8979591836735
46.39375,284.8979591836735
1.4625,280.0
1.54375,280.0
1.625,280.0
46.39375,280.0
46.475,280.0
1.4625,275.10204081632673
1.54375,275.10204081632673
1.625,275.10204081632673
46.475,275.10204081632673
46.556250000000006,275.10204081632673
46.6375,275.10204081632673
46.71875,275.10204081632673
1.4625,270.204081632653
1.54375,270.204081632653
46.475,270.204081632653
46.556250000000006,270.204081632653
46.6375,270.204081632653
46.71875,270.204081632653
46.8,270.204081632653
46.881249999999994,270.204081632653
46.9625,270.204081632653
1.38125,265.3061224489795
1.4625,265.3061224489795
1.54375,265.3061224489795
46.556250000000006,265.3061224489795
46.6375,265.3061224489795
46.71875,265.3061224489795
46.8,265.3061224489795
46.881249999999994,265.3061224489795
46.9625,265.3061224489795
47.04375,265.3061224489795
47.125,265.3061224489795
47.20625,265.3061224489795
47.2875,265.3061224489795
1.38125,260.40816326530603
1.4625,260.40816326530603
46.881249999999994,260.40816326530603
46.9625,260.40816326530603
47.04375,260.40816326530603
47.125,260.40816326530603
47.20625,260.40816326530603
47.2875,260.40816326530603
1.38125,255.51020408163276
1.4625,255.51020408163276
47.2875,255.51020408163276
47.36875,255.51020408163276
1.38125,250.61224489795927
1.4625,250.61224489795927
47.2875,250.61224489795927
47.36875,250.61224489795927
47.449999999999996,250.61224489795927
1.38125,245.71428571428578
1.4625,245.71428571428578
47.36875,245.71428571428578
47.449999999999996,245.71428571428578
47.53125,245.71428571428578
47.612500000000004,245.71428571428578
47.69375,245.71428571428578
1.3,240.8163265306123
1.38125,240.8163265306123
1.4625,240.8163265306123
47.53125,240.8163265306123
47.612500000000004,240.8163265306123
47.69375,240.8163265306123
47.775,240.8163265306123
47.856249999999996,240.8163265306123
47.9375,240.8163265306123
1.3,235.91836734693857
1.38125,235.91836734693857
47.69375,235.91836734693857
47.775,235.91836734693857
47.856249999999996,235.91836734693857
47.9375,235.91836734693857
48.018750000000004,235.91836734693857
48.1,235.91836734693857
48.18125,235.91836734693857
1.3,231.0204081632653
1.38125,231.0204081632653
48.018750000000004,231.0204081632653
48.1,231.0204081632653
48.18125,231.0204081632653
48.2625,231.0204081632653
48.34375,231.0204081632653
1.3,226.1224489795918
1.38125,226.1224489795918
48.1,226.1224489795918
48.18125,226.1224489795918
48.2625,226.1224489795918
48.34375,226.1224489795918
48.425,226.1224489795918
48.50625,226.1224489795918
1.3,221.22448979591832
1.38125,221.22448979591832
48.34375,221.22448979591832
48.425,221.22448979591832
48.50625,221.22448979591832
48.587500000000006,221.22448979591832
1.21875,216.32653061224482
1.3,216.32653061224482
1.38125,216.32653061224482
48.425,216.32653061224482
48.50625,216.32653061224482
48.587500000000006,216.32653061224482
48.66875,216.32653061224482
1.21875,211.42857142857133
1.3,211.42857142857133
48.50625,211.42857142857133
48.587500000000006,211.42857142857133
48.66875,211.42857142857133
48.75,211.42857142857133
48.83125,211.42857142857133
1.21875,206.53061224489807
1.3,206.53061224489807
48.587500000000006,206.53061224489807
48.66875,206.53061224489807
48.75,206.53061224489807
48.83125,206.53061224489807
48.912499999999994,206.53061224489807
1.21875,201.63265306122457
1.3,201.63265306122457
48.75,201.63265306122457
48.83125,201.63265306122457
48.912499999999994,201.63265306122457
48.99375,201.63265306122457
1.21875,196.73469387755108
1.3,196.73469387755108
48.83125,196.73469387755108
48.912499999999994,196.73469387755108
48.99375,196.73469387755108
49.075,196.73469387755108
1.21875,191.83673469387736
1.3,191.83673469387736
49.075,191.83673469387736
49.15625,191.83673469387736
49.2375,191.83673469387736
49.31875,191.83673469387736
49.4,191.83673469387736
49.481249999999996,191.83673469387736
1.1375000000000002,186.9387755102041
1.21875,186.9387755102041
1.3,186.9387755102041
49.075,186.9387755102041
49.15625,186.9387755102041
49.2375,186.9387755102041
49.31875,186.9387755102041
49.4,186.9387755102041
49.481249999999996,186.9387755102041
49.5625,186.9387755102041
1.0562500000000001,182.0408163265306
1.1375000000000002,182.0408163265306
1.21875,182.0408163265306
49.075,182.0408163265306
49.15625,182.0408163265306
49.2375,182.0408163265306
49.31875,182.0408163265306
49.4,182.0408163265306
49.481249999999996,182.0408163265306
49.5625,182.0408163265306
49.643750000000004,182.0408163265306
1.0562500000000001,177.1428571428571
1.1375000000000002,177.1428571428571
49.2375,177.1428571428571
49.31875,177.1428571428571
49.643750000000004,177.1428571428571
49.725,177.1428571428571
1.0562500000000001,172.24489795918362
1.1375000000000002,172.24489795918362
49.643750000000004,172.24489795918362
49.725,172.24489795918362
49.80625,172.24489795918362
49.887499999999996,172.24489795918362
1.1375000000000002,167.34693877551013
1.21875,167.34693877551013
49.725,167.34693877551013
49.80625,167.34693877551013
49.887499999999996,167.34693877551013
1.0562500000000001,162.44897959183686
1.1375000000000002,162.44897959183686
49.80625,162.44897959183686
49.887499999999996,162.44897959183686
49.96875,162.44897959183686
50.13125,162.44897959183686
0.975,157.55102040816337
1.0562500000000001,157.55102040816337
49.96875,157.55102040816337
50.050000000000004,157.55102040816337
50.13125,157.55102040816337
50.2125,157.55102040816337
0.975,152.65306122448965
1.0562500000000001,152.65306122448965
49.96875,152.65306122448965
50.13125,152.65306122448965
50.2125,152.65306122448965
50.29375,152.65306122448965
0.975,147.75510204081638
1.0562500000000001,147.75510204081638
50.13125,147.75510204081638
50.2125,147.75510204081638
50.29375,147.75510204081638
0.975,142.85714285714312
1.0562500000000001,142.85714285714312
50.29375,142.85714285714312
50.375,142.85714285714312
50.45625,142.85714285714312
50.5375,142.85714285714312
0.975,137.9591836734694
1.0562500000000001,137.9591836734694
50.375,137.9591836734694
50.45625,137.9591836734694
50.5375,137.9591836734694
50.618750000000006,137.9591836734694
0.89375,133.06122448979613
0.975,133.06122448979613
50.45625,133.06122448979613
50.5375,133.06122448979613
50.618750000000006,133.06122448979613
50.7,133.06122448979613
50.78125,133.06122448979613
0.89375,128.1632653061224
0.975,128.1632653061224
50.5375,128.1632653061224
50.618750000000006,128.1632653061224
50.7,128.1632653061224
50.78125,128.1632653061224
0.89375,123.26530612244869
0.975,123.26530612244869
50.5375,123.26530612244869
50.618750000000006,123.26530612244869
50.7,123.26530612244869
50.78125,123.26530612244869
0.89375,118.36734693877543
0.975,118.36734693877543
50.7,118.36734693877543
50.78125,118.36734693877543
50.8625,118.36734693877543
50.943749999999994,118.36734693877543
51.025,118.36734693877543
51.10625,118.36734693877543
51.1875,118.36734693877543
0.89375,113.46938775510216
0.975,113.46938775510216
50.78125,113.46938775510216
50.8625,113.46938775510216
50.943749999999994,113.46938775510216
51.025,113.46938775510216
51.10625,113.46938775510216
51.1875,113.46938775510216
51.26875,113.46938775510216
0.8125,108.57142857142844
0.89375,108.57142857142844
51.26875,108.57142857142844
51.35,108.57142857142844
0.8125,103.67346938775518
0.89375,103.67346938775518
51.26875,103.67346938775518
51.35,103.67346938775518
51.43125,103.67346938775518
0.8125,98.77551020408191
0.89375,98.77551020408191
51.26875,98.77551020408191
51.35,98.77551020408191
51.43125,98.77551020408191
51.512499999999996,98.77551020408191
0.8125,93.87755102040819
0.89375,93.87755102040819
51.35,93.87755102040819
51.43125,93.87755102040819
51.512499999999996,93.87755102040819
51.59375,93.87755102040819
51.675000000000004,93.87755102040819
51.75625,93.87755102040819
0.8125,88.97959183673447
0.89375,88.97959183673447
51.43125,88.97959183673447
51.512499999999996,88.97959183673447
51.59375,88.97959183673447
51.675000000000004,88.97959183673447
51.75625,88.97959183673447
0.8125,84.0816326530612
0.89375,84.0816326530612
51.75625,84.0816326530612
51.8375,84.0816326530612
0.65,79.18367346938749
0.73125,79.18367346938749
0.8125,79.18367346938749
51.75625,79.18367346938749
51.8375,79.18367346938749
0.65,74.28571428571422
0.73125,74.28571428571422
51.8375,74.28571428571422
51.918749999999996,74.28571428571422
0.65,69.38775510204096
0.73125,69.38775510204096
0.8125,69.38775510204096
51.918749999999996,69.38775510204096
52.0,69.38775510204096
52.081250000000004,69.38775510204096
52.1625,69.38775510204096
52.24375,69.38775510204096
0.65,64.48979591836724
0.73125,64.48979591836724
52.0,64.48979591836724
52.081250000000004,64.48979591836724
52.1625,64.48979591836724
52.24375,64.48979591836724
0.5687500000000001,59.59183673469397
0.65,59.59183673469397
0.73125,59.59183673469397
52.1625,59.59183673469397
52.24375,59.59183673469397
52.325,59.59183673469397
52.40625,59.59183673469397
52.56875,59.59183673469397
52.650000000000006,59.59183673469397
0.5687500000000001,54.693877551020705
0.65,54.693877551020705
52.325,54.693877551020705
52.40625,54.693877551020705
52.4875,54.693877551020705
52.56875,54.693877551020705
52.650000000000006,54.693877551020705
52.73125,54.693877551020705
0.5687500000000001,49.795918367346985
0.65,49.795918367346985
52.40625,49.795918367346985
52.4875,49.795918367346985
52.56875,49.795918367346985
52.650000000000006,49.795918367346985
52.73125,49.795918367346985
52.8125,49.795918367346985
52.89375,49.795918367346985
52.974999999999994,49.795918367346985
53.05625,49.795918367346985
0.5687500000000001,44.897959183673265
0.65,44.897959183673265
52.73125,44.897959183673265
52.8125,44.897959183673265
52.89375,44.897959183673265
52.974999999999994,44.897959183673265
53.05625,44.897959183673265
53.1375,44.897959183673265
0.5687500000000001,40.0
0.65,40.0
52.974999999999994,40.0
53.05625,40.0
53.1375,40.0
53.21875,40.0
0.4875,35.10204081632628
0.5687500000000001,35.10204081632628
53.21875,35.10204081632628
53.3,35.10204081632628
53.38125,35.10204081632628
0.4875,30.204081632653015
0.5687500000000001,30.204081632653015
53.3,30.204081632653015
53.38125,30.204081632653015
53.4625,30.204081632653015
0.4875,25.30612244897975
0.5687500000000001,25.30612244897975
53.3,25.30612244897975
53.38125,25.30612244897975
53.4625,25.30612244897975
53.543749999999996,25.30612244897975
0.40625,20.40816326530603
0.4875,20.40816326530603
0.5687500000000001,20.40816326530603
53.4625,20.40816326530603
53.543749999999996,20.40816326530603
53.625,20.40816326530603
53.706250000000004,20.40816326530603
53.7875,20.40816326530603
53.86875,20.40816326530603
0.40625,15.510204081632764
0.4875,15.510204081632764
0.5687500000000001,15.510204081632764
53.543749999999996,15.510204081632764
53.625,15.510204081632764
53.706250000000004,15.510204081632764
53.7875,15.510204081632764
53.86875,15.510204081632764
53.949999999999996,15.510204081632764
54.19375,15.510204081632764
0.40625,10.6122448979595
0.4875,10.6122448979595
53.86875,10.6122448979595
53.949999999999996,10.6122448979595
54.03125,10.6122448979595
54.112500000000004,10.6122448979595
54.19375,10.6122448979595
54.275,10.6122448979595
0.40625,5.714285714285779
0.4875,5.714285714285779
53.949999999999996,5.714285714285779
54.03125,5.714285714285779
54.112500000000004,5.714285714285779
54.19375,5.714285714285779
54.275,5.714285714285779
54.35625,5.714285714285779
0.40625,0.8163265306120593
0.4875,0.8163265306120593
54.275,0.8163265306120593
54.35625,0.8163265306120593
54.4375,0.8163265306120593
54.51875,0.8163265306120593
54.6,0.8163265306120593
54.681250000000006,0.8163265306120593
0.40625,-4.081632653061206
0.4875,-4.081632653061206
54.275,-4.081632653061206
54.35625,-4.081632653061206
54.4375,-4.081632653061206
54.51875,-4.081632653061206
54.6,-4.081632653061206
54.681250000000006,-4.081632653061206
54.7625,-4.081632653061206
0.325,-8.979591836734926
0.40625,-8.979591836734926
0.4875,-8.979591836734926
54.6,-8.979591836734926
54.681250000000006,-8.979591836734926
54.7625,-8.979591836734926
54.84375,-8.979591836734926
0.24375,-13.877551020408191
0.325,-13.877551020408191
0.40625,-13.877551020408191
54.681250000000006,-13.877551020408191
54.7625,-13.877551020408191
0.24375,-18.775510204081456
0.325,-18.775510204081456
54.681250000000006,-18.775510204081456
54.7625,-18.775510204081456
54.84375,-18.775510204081456
54.925,-18.775510204081456
55.006249999999994,-18.775510204081456
0.24375,-23.673469387755176
0.325,-23.673469387755176
54.7625,-23.673469387755176
54.84375,-23.673469387755176
54.925,-23.673469387755176
55.006249999999994,-23.673469387755176
55.0875,-23.673469387755176
55.16875,-23.673469387755176
0.24375,-28.57142857142844
0.325,-28.57142857142844
54.925,-28.57142857142844
55.006249999999994,-28.57142857142844
55.0875,-28.57142857142844
55.16875,-28.57142857142844
55.25,-28.57142857142844
55.33125,-28.57142857142844
55.4125,-28.57142857142844
55.574999999999996,-28.57142857142844
0.1625,-33.46938775510171
0.24375,-33.46938775510171
0.325,-33.46938775510171
55.0875,-33.46938775510171
55.16875,-33.46938775510171
55.25,-33.46938775510171
55.33125,-33.46938775510171
55.4125,-33.46938775510171
55.49375,-33.46938775510171
55.574999999999996,-33.46938775510171
0.1625,-38.36734693877543
0.24375,-38.36734693877543
0.325,-38.36734693877543
55.4125,-38.36734693877543
55.49375,-38.36734693877543
55.574999999999996,-38.36734693877543
55.65625,-38.36734693877543
0.24375,-43.26530612244915
0.325,-43.26530612244915
55.574999999999996,-43.26530612244915
55.65625,-43.26530612244915
55.737500000000004,-43.26530612244915
55.81875,-43.26530612244915
55.9,-43.26530612244915
0.1625,-48.16326530612241
0.24375,-48.16326530612241
55.65625,-48.16326530612241
55.737500000000004,-48.16326530612241
55.81875,-48.16326530612241
55.9,-48.16326530612241
55.981249999999996,-48.16326530612241
0.1625,-53.06122448979613
0.24375,-53.06122448979613
55.81875,-53.06122448979613
55.9,-53.06122448979613
55.981249999999996,-53.06122448979613
56.0625,-53.06122448979613
56.143750000000004,-53.06122448979613
56.225,-53.06122448979613
0.1625,-57.9591836734694
0.24375,-57.9591836734694
56.0625,-57.9591836734694
56.143750000000004,-57.9591836734694
56.225,-57.9591836734694
56.30625,-57.9591836734694
0.1625,-62.85714285714266
0.24375,-62.85714285714266
56.143750000000004,-62.85714285714266
56.225,-62.85714285714266
56.30625,-62.85714285714266
0.1625,-67.75510204081638
0.24375,-67.75510204081638
56.225,-67.75510204081638
56.30625,-67.75510204081638
56.3875,-67.75510204081638
56.46875,-67.75510204081638
56.55,-67.75510204081638
56.63125,-67.75510204081638
0.1625,-72.65306122448965
0.24375,-72.65306122448965
56.30625,-72.65306122448965
56.3875,-72.65306122448965
56.46875,-72.65306122448965
56.55,-72.65306122448965
56.63125,-72.65306122448965
56.712500000000006,-72.65306122448965
0.0,-77.55102040816337
0.08125,-77.55102040816337
0.1625,-77.55102040816337
0.24375,-77.55102040816337
56.55,-77.55102040816337
56.63125,-77.55102040816337
56.712500000000006,-77.55102040816337
56.79375,-77.55102040816337
56.875,-77.55102040816337
57.037499999999994,-77.55102040816337
57.11875,-77.55102040816337
0.0,-82.44897959183663
0.08125,-82.44897959183663
0.1625,-82.44897959183663
56.712500000000006,-82.44897959183663
56.79375,-82.44897959183663
56.875,-82.44897959183663
56.95625,-82.44897959183663
57.037499999999994,-82.44897959183663
57.11875,-82.44897959183663
57.2,-82.44897959183663
0.0,-87.34693877551035
0.08125,-87.34693877551035
0.1625,-87.34693877551035
57.037499999999994,-87.34693877551035
57.11875,-87.34693877551035
57.2,-87.34693877551035
57.28125,-87.34693877551035
0.0,-92.24489795918362
0.08125,-92.24489795918362
57.11875,-92.24489795918362
57.2,-92.24489795918362
57.28125,-92.24489795918362
57.3625,-92.24489795918362
57.44375,-92.24489795918362
-0.08125,-97.14285714285734
0.0,-97.14285714285734
0.08125,-97.14285714285734
57.3625,-97.14285714285734
57.44375,-97.14285714285734
57.525,-97.14285714285734
57.606249999999996,-97.14285714285734
57.6875,-97.14285714285734
57.768750000000004,-97.14285714285734
-0.1625,-102.0408163265306
-0.08125,-102.0408163265306
0.0,-102.0408163265306
0.08125,-102.0408163265306
57.3625,-102.0408163265306
57.44375,-102.0408163265306
57.525,-102.0408163265306
57.606249999999996,-102.0408163265306
57.6875,-102.0408163265306
57.768750000000004,-102.0408163265306
57.85,-102.0408163265306
-0.1625,-106.93877551020387
-0.08125,-106.93877551020387
0.0,-106.93877551020387
57.525,-106.93877551020387
57.606249999999996,-106.93877551020387
57.6875,-106.93877551020387
57.768750000000004,-106.93877551020387
57.85,-106.93877551020387
58.012499999999996,-106.93877551020387
-0.1625,-111.83673469387759
-0.08125,-111.83673469387759
57.768750000000004,-111.83673469387759
57.85,-111.83673469387759
57.93125,-111.83673469387759
58.012499999999996,-111.83673469387759
58.09375,-111.83673469387759
-0.1625,-116.73469387755131
-0.08125,-116.73469387755131
0.0,-116.73469387755131
57.85,-116.73469387755131
57.93125,-116.73469387755131
58.012499999999996,-116.73469387755131
58.09375,-116.73469387755131
58.175000000000004,-116.73469387755131
58.25625,-116.73469387755131
58.3375,-116.73469387755131
-0.1625,-121.63265306122457
-0.08125,-121.63265306122457
0.0,-121.63265306122457
57.93125,-121.63265306122457
58.012499999999996,-121.63265306122457
58.09375,-121.63265306122457
58.175000000000004,-121.63265306122457
58.25625,-121.63265306122457
58.3375,-121.63265306122457
58.41875,-121.63265306122457
-0.08125,-126.53061224489784
58.3375,-126.53061224489784
58.41875,-126.53061224489784
58.5,-126.53061224489784
58.6625,-126.53061224489784
58.5,-131.42857142857156
58.58125,-131.42857142857156
58.6625,-131.42857142857156
58.743750000000006,-131.42857142857156
58.6625,-136.32653061224482
58.743750000000006,-136.32653061224482
58.825,-136.32653061224482
58.90625,-136.32653061224482
58.743750000000006,-141.22448979591854
58.825,-141.22448979591854
58.90625,-141.22448979591854
58.9875,-141.22448979591854
58.90625,-146.1224489795918
58.9875,-146.1224489795918
59.068749999999994,-146.1224489795918
59.15,-146.1224489795918
58.9875,-151.02040816326507
59.068749999999994,-151.02040816326507
59.15,-151.02040816326507
59.23125,-151.02040816326507
59.068749999999994,-155.9183673469388
59.15,-155.9183673469388
59.23125,-155.9183673469388
59.3125,-155.9183673469388
59.15,-160.8163265306125
59.23125,-160.8163265306125
59.3125,-160.8163265306125
59.39375,-160.8163265306125
59.475,-160.8163265306125
59.23125,-165.71428571428578
59.3125,-165.71428571428578
59.39375,-165.71428571428578
59.475,-165.71428571428578
59.39375,-170.61224489795904
59.475,-170.61224489795904
59.55625,-170.61224489795904
59.39375,-175.51020408163276
59.475,-175.51020408163276
59.55625,-175.51020408163276
59.637499999999996,-175.51020408163276
59.71875,-175.51020408163276
59.800000000000004,-175.51020408163276
59.88125,-175.51020408163276
59.475,-180.40816326530603
59.55625,-180.40816326530603
59.637499999999996,-180.40816326530603
59.71875,-180.40816326530603
59.800000000000004,-180.40816326530603
59.88125,-180.40816326530603
59.9625,-180.40816326530603
60.043749999999996,-180.40816326530603
59.88125,-185.30612244897975
59.9625,-185.30612244897975
60.043749999999996,-185.30612244897975
60.125,-185.30612244897975
59.9625,-190.20408163265301
60.043749999999996,-190.20408163265301
60.125,-190.20408163265301
60.206250000000004,-190.20408163265301
60.2875,-190.20408163265301
60.043749999999996,-195.10204081632628
60.125,-195.10204081632628
60.206250000000004,-195.10204081632628
60.2875,-195.10204081632628
60.36875,-195.10204081632628
60.45,-195.10204081632628
60.2875,-200.0
60.36875,-200.0
60.45,-200.0
60.53125,-200.0
60.36875,-204.89795918367372
60.45,-204.89795918367372
60.53125,-204.89795918367372
60.6125,-204.89795918367372
60.69375,-204.89795918367372
60.775000000000006,-204.89795918367372
60.53125,-209.79591836734699
60.6125,-209.79591836734699
60.69375,-209.79591836734699
60.775000000000006,-209.79591836734699
60.85625,-209.79591836734699
61.18125,-209.79591836734699
61.2625,-209.79591836734699
60.6125,-214.6938775510207
60.775000000000006,-214.6938775510207
60.85625,-214.6938775510207
60.9375,-214.6938775510207
61.18125,-214.6938775510207
61.2625,-214.6938775510207
60.85625,-219.59183673469397
60.9375,-219.59183673469397
61.01875,-219.59183673469397
61.099999999999994,-219.59183673469397
61.18125,-219.59183673469397
61.2625,-219.59183673469397
61.34375,-219.59183673469397
61.425,-219.59183673469397
60.9375,-224.48979591836724
61.01875,-224.48979591836724
61.099999999999994,-224.48979591836724
61.18125,-224.48979591836724
61.34375,-224.48979591836724
61.425,-224.48979591836724
61.01875,-229.3877551020405
61.099999999999994,-229.3877551020405
61.18125,-229.3877551020405
61.425,-229.3877551020405
61.50625,-229.3877551020405
61.5875,-229.3877551020405
61.425,-234.28571428571422
61.50625,-234.28571428571422
61.5875,-234.28571428571422
61.668749999999996,-234.28571428571422
61.75,-234.28571428571422
61.831250000000004,-234.28571428571422
61.9125,-234.28571428571422
61.5875,-239.1836734693875
61.668749999999996,-239.1836734693875
61.75,-239.1836734693875
61.831250000000004,-239.1836734693875
61.9125,-239.1836734693875
61.99375,-239.1836734693875
62.074999999999996,-239.1836734693875
62.15625,-239.1836734693875
62.237500000000004,-239.1836734693875
62.31875,-239.1836734693875
62.4,-239.1836734693875
62.48125,-239.1836734693875
62.5625,-239.1836734693875
62.64375,-239.1836734693875
62.725,-239.1836734693875
62.806250000000006,-239.1836734693875
62.8875,-239.1836734693875
62.96875,-239.1836734693875
63.05,-239.1836734693875
63.131249999999994,-239.1836734693875
63.2125,-239.1836734693875
63.29375,-239.1836734693875
63.375,-239.1836734693875
63.45625,-239.1836734693875
63.5375,-239.1836734693875
63.61875,-239.1836734693875
63.699999999999996,-239.1836734693875
63.78125,-239.1836734693875
63.862500000000004,-239.1836734693875
63.94375,-239.1836734693875
64.025,-239.1836734693875
64.10625,-239.1836734693875
64.1875,-239.1836734693875
64.26875,-239.1836734693875
64.35,-239.1836734693875
64.43124999999999,-239.1836734693875
64.5125,-239.1836734693875
64.59375,-239.1836734693875
64.675,-239.1836734693875
61.668749999999996,-244.0816326530612
61.75,-244.0816326530612
61.831250000000004,-244.0816326530612
61.9125,-244.0816326530612
61.99375,-244.0816326530612
62.074999999999996,-244.0816326530612
62.15625,-244.0816326530612
62.237500000000004,-244.0816326530612
62.31875,-244.0816326530612
62.4,-244.0816326530612
62.48125,-244.0816326530612
62.5625,-244.0816326530612
62.64375,-244.0816326530612
62.725,-244.0816326530612
62.806250000000006,-244.0816326530612
62.8875,-244.0816326530612
62.96875,-244.0816326530612
63.05,-244.0816326530612
63.131249999999994,-244.0816326530612
63.2125,-244.0816326530612
63.29375,-244.0816326530612
63.375,-244.0816326530612
63.45625,-244.0816326530612
63.5375,-244.0816326530612
63.61875,-244.0816326530612
63.699999999999996,-244.0816326530612
63.78125,-244.0816326530612
63.862500000000004,-244.0816326530612
63.94375,-244.0816326530612
64.025,-244.0816326530612
64.10625,-244.0816326530612
64.1875,-244.0816326530612
64.26875,-244.0816326530612
64.35,-244.0816326530612
64.43124999999999,-244.0816326530612
64.5125,-244.0816326530612
64.59375,-244.0816326530612
61.9125,-248.97959183673493
61.99375,-248.97959183673493
